"Dataset","Series Key","Series","Observation Date","Observation Value","Unit","Observation Status","Observation Status Comment"
"Inflation Snapshot (New Base: 2015-16)","TS_GP_PT_CPI_M.P00011516","CPI National -YoY","31-Aug-2026","11.1","Percent","Normal",""
"Inflation Snapshot (New Base: 2015-16)","TS_GP_PT_CPI_M.P00011516","CPI National -YoY","31-Jul-2026","9.2","Percent","Normal",""
"Inflation Snapshot (New Base: 2015-16)","TS_GP_PT_CPI_M.P00011516","CPI National -YoY","30-Jun-2026","11.1","Percent","Normal",""
"Inflation Snapshot (New Base: 2015-16)","TS_GP_PT_CPI_M.P00011516","CPI National -YoY","31-May-2026","11.7","Percent","Normal",""
"Inflation Snapshot (New Base: 2015-16)","TS_GP_PT_CPI_M.P00011516","CPI National -YoY","30-Apr-2026","10.9","Percent","Normal","0"
"Inflation Snapshot (New Base: 2015-16)","TS_GP_PT_CPI_M.P00011516","CPI National -YoY","31-Mar-2026","7.3","Percent","Normal",""
"Inflation Snapshot (New Base: 2015-16)","TS_GP_PT_CPI_M.P00011516","CPI National -YoY","28-Feb-2026","7","Percent","Normal",""
"Inflation Snapshot (New Base: 2015-16)","TS_GP_PT_CPI_M.P00011516","CPI National -YoY","31-Jan-2026","5.8","Percent","Normal",""
"Inflation Snapshot (New Base: 2015-16)","TS_GP_PT_CPI_M.P00011516","CPI National -YoY","31-Dec-2025","5.6","Percent","Normal",""
"Inflation Snapshot (New Base: 2015-16)","TS_GP_PT_CPI_M.P00011516","CPI National -YoY","30-Nov-2025","6.1","Percent","Normal",""
"Inflation Snapshot (New Base: 2015-16)","TS_GP_PT_CPI_M.P00011516","CPI National -YoY","31-Oct-2025","6.2","Percent","Normal",""
"Inflation Snapshot (New Base: 2015-16)","TS_GP_PT_CPI_M.P00011516","CPI National -YoY","30-Sep-2025","5.8","Percent","Normal",""
"Inflation Snapshot (New Base: 2015-16)","TS_GP_PT_CPI_M.P00011516","CPI National -YoY","31-Aug-2025","3.1","Percent","Normal",""
"Inflation Snapshot (New Base: 2015-16)","TS_GP_PT_CPI_M.P00011516","CPI National -YoY","31-Jul-2025","4.1","Percent","Normal",""
"Inflation Snapshot (New Base: 2015-16)","TS_GP_PT_CPI_M.P00011516","CPI National -YoY","30-Jun-2025","3.2","Percent","Normal",""
"Inflation Snapshot (New Base: 2015-16)","TS_GP_PT_CPI_M.P00011516","CPI National -YoY","31-May-2025","3.5","Percent","Normal",""
"Inflation Snapshot (New Base: 2015-16)","TS_GP_PT_CPI_M.P00011516","CPI National -YoY","30-Apr-2025",".3","Percent","Normal",""
"Inflation Snapshot (New Base: 2015-16)","TS_GP_PT_CPI_M.P00011516","CPI National -YoY","31-Mar-2025",".7","Percent","Normal",""
"Inflation Snapshot (New Base: 2015-16)","TS_GP_PT_CPI_M.P00011516","CPI National -YoY","28-Feb-2025","1.5","Percent","Normal",""
"Inflation Snapshot (New Base: 2015-16)","TS_GP_PT_CPI_M.P00011516","CPI National -YoY","31-Jan-2025","2.4","Percent","Normal",""
"Inflation Snapshot (New Base: 2015-16)","TS_GP_PT_CPI_M.P00011516","CPI National -YoY","31-Dec-2024","4.1","Percent","Normal",""
"Inflation Snapshot (New Base: 2015-16)","TS_GP_PT_CPI_M.P00011516","CPI National -YoY","30-Nov-2024","4.9","Percent","Normal",""
"Inflation Snapshot (New Base: 2015-16)","TS_GP_PT_CPI_M.P00011516","CPI National -YoY","31-Oct-2024","7.2","Percent","Normal",""
"Inflation Snapshot (New Base: 2015-16)","TS_GP_PT_CPI_M.P00011516","CPI National -YoY","30-Sep-2024","6.9","Percent","Normal",""
"Inflation Snapshot (New Base: 2015-16)","TS_GP_PT_CPI_M.P00011516","CPI National -YoY","31-Aug-2024","9.6","Percent","Normal",""
"Inflation Snapshot (New Base: 2015-16)","TS_GP_PT_CPI_M.P00011516","CPI National -YoY","31-Jul-2024","11.1","Percent","Normal",""
"Inflation Snapshot (New Base: 2015-16)","TS_GP_PT_CPI_M.P00011516","CPI National -YoY","30-Jun-2024","12.6","Percent","Normal",""
"Inflation Snapshot (New Base: 2015-16)","TS_GP_PT_CPI_M.P00011516","CPI National -YoY","31-May-2024","11.8","Percent","Normal",""
"Inflation Snapshot (New Base: 2015-16)","TS_GP_PT_CPI_M.P00011516","CPI National -YoY","30-Apr-2024","17.3","Percent","Normal",""
"Inflation Snapshot (New Base: 2015-16)","TS_GP_PT_CPI_M.P00011516","CPI National -YoY","31-Mar-2024","20.7","Percent","Normal",""
"Inflation Snapshot (New Base: 2015-16)","TS_GP_PT_CPI_M.P00011516","CPI National -YoY","29-Feb-2024","23.1","Percent","Normal",""
"Inflation Snapshot (New Base: 2015-16)","TS_GP_PT_CPI_M.P00011516","CPI National -YoY","31-Jan-2024","28.3","Percent","Normal",""
"Inflation Snapshot (New Base: 2015-16)","TS_GP_PT_CPI_M.P00011516","CPI National -YoY","31-Dec-2023","29.7","Percent","Normal",""
"Inflation Snapshot (New Base: 2015-16)","TS_GP_PT_CPI_M.P00011516","CPI National -YoY","30-Nov-2023","29.2","Percent","Normal",""
"Inflation Snapshot (New Base: 2015-16)","TS_GP_PT_CPI_M.P00011516","CPI National -YoY","31-Oct-2023","26.8","Percent","Normal",""
"Inflation Snapshot (New Base: 2015-16)","TS_GP_PT_CPI_M.P00011516","CPI National -YoY","30-Sep-2023","31.4","Percent","Normal",""
"Inflation Snapshot (New Base: 2015-16)","TS_GP_PT_CPI_M.P00011516","CPI National -YoY","31-Aug-2023","27.4","Percent","Normal",""
"Inflation Snapshot (New Base: 2015-16)","TS_GP_PT_CPI_M.P00011516","CPI National -YoY","31-Jul-2023","28.3","Percent","Normal",""
"Inflation Snapshot (New Base: 2015-16)","TS_GP_PT_CPI_M.P00011516","CPI National -YoY","30-Jun-2023","29.4","Percent","Normal",""
"Inflation Snapshot (New Base: 2015-16)","TS_GP_PT_CPI_M.P00011516","CPI National -YoY","31-May-2023","38","Percent","Normal",""
"Inflation Snapshot (New Base: 2015-16)","TS_GP_PT_CPI_M.P00011516","CPI National -YoY","30-Apr-2023","36.4","Percent","Normal",""
"Inflation Snapshot (New Base: 2015-16)","TS_GP_PT_CPI_M.P00011516","CPI National -YoY","31-Mar-2023","35.4","Percent","Normal",""
"Inflation Snapshot (New Base: 2015-16)","TS_GP_PT_CPI_M.P00011516","CPI National -YoY","28-Feb-2023","31.5","Percent","Normal",""
"Inflation Snapshot (New Base: 2015-16)","TS_GP_PT_CPI_M.P00011516","CPI National -YoY","31-Jan-2023","27.6","Percent","Normal",""
"Inflation Snapshot (New Base: 2015-16)","TS_GP_PT_CPI_M.P00011516","CPI National -YoY","31-Dec-2022","24.5","Percent","Normal",""
"Inflation Snapshot (New Base: 2015-16)","TS_GP_PT_CPI_M.P00011516","CPI National -YoY","30-Nov-2022","23.8","Percent","Normal",""
"Inflation Snapshot (New Base: 2015-16)","TS_GP_PT_CPI_M.P00011516","CPI National -YoY","31-Oct-2022","26.6","Percent","Normal",""
"Inflation Snapshot (New Base: 2015-16)","TS_GP_PT_CPI_M.P00011516","CPI National -YoY","30-Sep-2022","23.2","Percent","Normal",""
"Inflation Snapshot (New Base: 2015-16)","TS_GP_PT_CPI_M.P00011516","CPI National -YoY","31-Aug-2022","27.3","Percent","Normal",""
"Inflation Snapshot (New Base: 2015-16)","TS_GP_PT_CPI_M.P00011516","CPI National -YoY","31-Jul-2022","24.9","Percent","Normal",""
"Inflation Snapshot (New Base: 2015-16)","TS_GP_PT_CPI_M.P00011516","CPI National -YoY","30-Jun-2022","21.3","Percent","Normal",""
"Inflation Snapshot (New Base: 2015-16)","TS_GP_PT_CPI_M.P00011516","CPI National -YoY","31-May-2022","13.8","Percent","Normal",""
"Inflation Snapshot (New Base: 2015-16)","TS_GP_PT_CPI_M.P00011516","CPI National -YoY","30-Apr-2022","13.37790337","Percent","Normal",""
"Inflation Snapshot (New Base: 2015-16)","TS_GP_PT_CPI_M.P00011516","CPI National -YoY","31-Mar-2022","12.7","Percent","Normal",""
"Inflation Snapshot (New Base: 2015-16)","TS_GP_PT_CPI_M.P00011516","CPI National -YoY","28-Feb-2022","12.24404221","Percent","Normal",""
"Inflation Snapshot (New Base: 2015-16)","TS_GP_PT_CPI_M.P00011516","CPI National -YoY","31-Jan-2022","12.96243597","Percent","Normal",""
"Inflation Snapshot (New Base: 2015-16)","TS_GP_PT_CPI_M.P00011516","CPI National -YoY","31-Dec-2021","12.28169814","Percent","Normal",""
"Inflation Snapshot (New Base: 2015-16)","TS_GP_PT_CPI_M.P00011516","CPI National -YoY","30-Nov-2021","11.5","Percent","Normal",""
"Inflation Snapshot (New Base: 2015-16)","TS_GP_PT_CPI_M.P00011516","CPI National -YoY","31-Oct-2021","9.2","Percent","Normal",""
"Inflation Snapshot (New Base: 2015-16)","TS_GP_PT_CPI_M.P00011516","CPI National -YoY","30-Sep-2021","8.979178716","Percent","Normal",""
"Inflation Snapshot (New Base: 2015-16)","TS_GP_PT_CPI_M.P00011516","CPI National -YoY","31-Aug-2021","8.353519783","Percent","Normal",""
"Inflation Snapshot (New Base: 2015-16)","TS_GP_PT_CPI_M.P00011516","CPI National -YoY","31-Jul-2021","8.405968385","Percent","Normal",""
"Inflation Snapshot (New Base: 2015-16)","TS_GP_PT_CPI_M.P00011516","CPI National -YoY","30-Jun-2021","9.655669291","Percent","Normal",""
"Inflation Snapshot (New Base: 2015-16)","TS_GP_PT_CPI_M.P00011516","CPI National -YoY","31-May-2021","10.86176628","Percent","Normal",""
"Inflation Snapshot (New Base: 2015-16)","TS_GP_PT_CPI_M.P00011516","CPI National -YoY","30-Apr-2021","11.1","Percent","Normal",""
"Inflation Snapshot (New Base: 2015-16)","TS_GP_PT_CPI_M.P00011516","CPI National -YoY","31-Mar-2021","9.1","Percent","Normal",""
"Inflation Snapshot (New Base: 2015-16)","TS_GP_PT_CPI_M.P00011516","CPI National -YoY","28-Feb-2021","8.7","Percent","Normal",""
"Inflation Snapshot (New Base: 2015-16)","TS_GP_PT_CPI_M.P00011516","CPI National -YoY","31-Jan-2021","5.7","Percent","Normal",""
"Inflation Snapshot (New Base: 2015-16)","TS_GP_PT_CPI_M.P00011516","CPI National -YoY","31-Dec-2020","7.98","Percent","Normal",""
"Inflation Snapshot (New Base: 2015-16)","TS_GP_PT_CPI_M.P00011516","CPI National -YoY","30-Nov-2020","8.35","Percent","Normal",""
"Inflation Snapshot (New Base: 2015-16)","TS_GP_PT_CPI_M.P00011516","CPI National -YoY","31-Oct-2020","8.91","Percent","Normal",""
"Inflation Snapshot (New Base: 2015-16)","TS_GP_PT_CPI_M.P00011516","CPI National -YoY","30-Sep-2020","9.03","Percent","Normal",""
"Inflation Snapshot (New Base: 2015-16)","TS_GP_PT_CPI_M.P00011516","CPI National -YoY","31-Aug-2020","8.21","Percent","Normal",""
"Inflation Snapshot (New Base: 2015-16)","TS_GP_PT_CPI_M.P00011516","CPI National -YoY","31-Jul-2020","9.3","Percent","Normal",""
"Inflation Snapshot (New Base: 2015-16)","TS_GP_PT_CPI_M.P00011516","CPI National -YoY","30-Jun-2020","8.59","Percent","Normal",""
"Inflation Snapshot (New Base: 2015-16)","TS_GP_PT_CPI_M.P00011516","CPI National -YoY","31-May-2020","8.23","Percent","Normal",""
"Inflation Snapshot (New Base: 2015-16)","TS_GP_PT_CPI_M.P00011516","CPI National -YoY","30-Apr-2020","8.52","Percent","Normal",""
"Inflation Snapshot (New Base: 2015-16)","TS_GP_PT_CPI_M.P00011516","CPI National -YoY","31-Mar-2020","10.24","Percent","Normal",""
"Inflation Snapshot (New Base: 2015-16)","TS_GP_PT_CPI_M.P00011516","CPI National -YoY","29-Feb-2020","12.4","Percent","Normal",""
"Inflation Snapshot (New Base: 2015-16)","TS_GP_PT_CPI_M.P00011516","CPI National -YoY","31-Jan-2020","14.56","Percent","Normal",""
"Inflation Snapshot (New Base: 2015-16)","TS_GP_PT_CPI_M.P00011516","CPI National -YoY","31-Dec-2019","12.63","Percent","Normal",""
"Inflation Snapshot (New Base: 2015-16)","TS_GP_PT_CPI_M.P00011516","CPI National -YoY","30-Nov-2019","12.67","Percent","Normal",""
"Inflation Snapshot (New Base: 2015-16)","TS_GP_PT_CPI_M.P00011516","CPI National -YoY","31-Oct-2019","11.04","Percent","Normal",""
"Inflation Snapshot (New Base: 2015-16)","TS_GP_PT_CPI_M.P00011516","CPI National -YoY","30-Sep-2019","11.38","Percent","Normal",""
"Inflation Snapshot (New Base: 2015-16)","TS_GP_PT_CPI_M.P00011516","CPI National -YoY","31-Aug-2019","10.49","Percent","Normal",""
"Inflation Snapshot (New Base: 2015-16)","TS_GP_PT_CPI_M.P00011516","CPI National -YoY","31-Jul-2019","8.38","Percent","Normal",""
"Inflation Snapshot (New Base: 2015-16)","TS_GP_PT_CPI_M.P00011516","CPI National -YoY","30-Jun-2019","8.04","Percent","Normal",""
"Inflation Snapshot (New Base: 2015-16)","TS_GP_PT_CPI_M.P00011516","CPI National -YoY","31-May-2019","8.42","Percent","Normal",""
"Inflation Snapshot (New Base: 2015-16)","TS_GP_PT_CPI_M.P00011516","CPI National -YoY","30-Apr-2019","8.27","Percent","Normal",""
"Inflation Snapshot (New Base: 2015-16)","TS_GP_PT_CPI_M.P00011516","CPI National -YoY","31-Mar-2019","8.64","Percent","Normal",""
"Inflation Snapshot (New Base: 2015-16)","TS_GP_PT_CPI_M.P00011516","CPI National -YoY","28-Feb-2019","6.75","Percent","Normal",""
"Inflation Snapshot (New Base: 2015-16)","TS_GP_PT_CPI_M.P00011516","CPI National -YoY","31-Jan-2019","5.55","Percent","Normal",""
"Inflation Snapshot (New Base: 2015-16)","TS_GP_PT_CPI_M.P00011516","CPI National -YoY","31-Dec-2018","5.37","Percent","Normal",""
"Inflation Snapshot (New Base: 2015-16)","TS_GP_PT_CPI_M.P00011516","CPI National -YoY","30-Nov-2018","5.66","Percent","Normal",""
"Inflation Snapshot (New Base: 2015-16)","TS_GP_PT_CPI_M.P00011516","CPI National -YoY","31-Oct-2018","6.5","Percent","Normal",""
"Inflation Snapshot (New Base: 2015-16)","TS_GP_PT_CPI_M.P00011516","CPI National -YoY","30-Sep-2018","5.42","Percent","Normal",""
"Inflation Snapshot (New Base: 2015-16)","TS_GP_PT_CPI_M.P00011516","CPI National -YoY","31-Aug-2018","6.17","Percent","Normal",""
"Inflation Snapshot (New Base: 2015-16)","TS_GP_PT_CPI_M.P00011516","CPI National -YoY","31-Jul-2018","6.66","Percent","Normal",""
"Inflation Snapshot (New Base: 2015-16)","TS_GP_PT_CPI_M.P00011516","CPI National -YoY","30-Jun-2018","5.67","Percent","Normal",""
"Inflation Snapshot (New Base: 2015-16)","TS_GP_PT_CPI_M.P00011516","CPI National -YoY","31-May-2018","4.98","Percent","Normal",""
"Inflation Snapshot (New Base: 2015-16)","TS_GP_PT_CPI_M.P00011516","CPI National -YoY","30-Apr-2018","3.96","Percent","Normal",""
"Inflation Snapshot (New Base: 2015-16)","TS_GP_PT_CPI_M.P00011516","CPI National -YoY","31-Mar-2018","3.59","Percent","Normal",""
"Inflation Snapshot (New Base: 2015-16)","TS_GP_PT_CPI_M.P00011516","CPI National -YoY","28-Feb-2018","4.46","Percent","Normal",""
"Inflation Snapshot (New Base: 2015-16)","TS_GP_PT_CPI_M.P00011516","CPI National -YoY","31-Jan-2018","5.24","Percent","Normal",""
"Inflation Snapshot (New Base: 2015-16)","TS_GP_PT_CPI_M.P00011516","CPI National -YoY","31-Dec-2017","5.61","Percent","Normal",""
"Inflation Snapshot (New Base: 2015-16)","TS_GP_PT_CPI_M.P00011516","CPI National -YoY","30-Nov-2017","5.03","Percent","Normal",""
"Inflation Snapshot (New Base: 2015-16)","TS_GP_PT_CPI_M.P00011516","CPI National -YoY","31-Oct-2017","4.83","Percent","Normal",""
"Inflation Snapshot (New Base: 2015-16)","TS_GP_PT_CPI_M.P00011516","CPI National -YoY","30-Sep-2017","4.66","Percent","Normal",""
"Inflation Snapshot (New Base: 2015-16)","TS_GP_PT_CPI_M.P00011516","CPI National -YoY","31-Aug-2017","4.39","Percent","Normal",""
"Inflation Snapshot (New Base: 2015-16)","TS_GP_PT_CPI_M.P00011516","CPI National -YoY","31-Jul-2017","3.86","Percent","Normal",""
"Inflation Snapshot (New Base: 2015-16)","TS_GP_PT_CPI_M.P00011516","CPI National -YoY","30-Jun-2017","6.54","Percent","Normal",""
"Inflation Snapshot (New Base: 2015-16)","TS_GP_PT_CPI_M.P00011516","CPI National -YoY","31-May-2017","6.36","Percent","Normal",""
"Inflation Snapshot (New Base: 2015-16)","TS_GP_PT_CPI_M.P00011516","CPI National -YoY","30-Apr-2017","6.91","Percent","Normal",""
"Inflation Snapshot (New Base: 2015-16)","TS_GP_PT_CPI_M.P00011516","CPI National -YoY","31-Mar-2017","6.14","Percent","Normal",""
"Inflation Snapshot (New Base: 2015-16)","TS_GP_PT_CPI_M.P00011516","CPI National -YoY","28-Feb-2017","5.04","Percent","Normal",""
"Inflation Snapshot (New Base: 2015-16)","TS_GP_PT_CPI_M.P00011516","CPI National -YoY","31-Jan-2017","4.53","Percent","Normal",""
"Inflation Snapshot (New Base: 2015-16)","TS_GP_PT_CPI_M.P00011516","CPI National -YoY","31-Dec-2016","4.08","Percent","Normal",""
"Inflation Snapshot (New Base: 2015-16)","TS_GP_PT_CPI_M.P00011516","CPI National -YoY","30-Nov-2016","4.69","Percent","Normal",""
"Inflation Snapshot (New Base: 2015-16)","TS_GP_PT_CPI_M.P00011516","CPI National -YoY","31-Oct-2016","4.19","Percent","Normal",""
"Inflation Snapshot (New Base: 2015-16)","TS_GP_PT_CPI_M.P00011516","CPI National -YoY","30-Sep-2016","3.23","Percent","Normal",""
"Inflation Snapshot (New Base: 2015-16)","TS_GP_PT_CPI_M.P00011516","CPI National -YoY","31-Aug-2016","2.8","Percent","Normal",""
"Inflation Snapshot (New Base: 2015-16)","TS_GP_PT_CPI_M.P00011516","CPI National -YoY","31-Jul-2016","3.17","Percent","Normal",""
