Date,inflation ,exhange rate,policy rate 
8/31/2026,11.1,277.9187406,11.5
7/31/2026,9.2,278.2380682,11.5
6/30/2026,11.1,278.5795536,11.5
5/31/2026,11.7,278.8445378,11.5
4/30/2026,10.9,279.175974,11.5
3/31/2026,7.3,279.5112857,10.5
2/28/2026,7,279.8070073,10.5
1/31/2026,5.8,280.1535223,10.5
12/31/2025,5.6,280.5409602,10.5
11/30/2025,6.1,280.8729821,11
10/31/2025,6.2,281.2675932,11
9/30/2025,5.8,281.6472727,11
8/31/2025,3.1,282.2447321,11
7/31/2025,4.1,284.2132955,11
6/30/2025,3.2,283.0001359,11
5/31/2025,3.5,281.6662931,11
4/30/2025,0.3,281.6662931,12
3/31/2025,0.7,280.0836116,12
2/28/2025,1.5,279.304265,12
1/31/2025,2.4,278.6442633,12
12/31/2024,4.1,278.1203612,13
11/30/2024,4.9,277.8093268,15
10/31/2024,7.2,277.6704048,17.5
9/30/2024,6.9,278.2436207,17.5
8/31/2024,9.6,278.540312,19.5
7/31/2024,11.1,278.3912397,19.5
6/30/2024,12.6,278.4387221,20.5
5/31/2024,11.8,278.2500821,22
4/30/2024,17.3,278.1424501,22
3/31/2024,20.7,278.7049655,22
2/29/2024,23.1,279.1816697,22
1/31/2024,28.3,280.3206113,22
12/31/2023,29.7,283.2960707,22
11/30/2023,29.2,285.5207225,22
10/31/2023,26.8,280.3567571,22
9/30/2023,31.4,297.7541724,22
8/31/2023,27.4,293.8080564,22
7/31/2023,28.3,281.007205,22
6/30/2023,29.4,286.5840653,22
5/31/2023,38,285.4859718,21
4/30/2023,36.4,284.9456592,21
3/31/2023,35.4,280.2024795,20
2/28/2023,31.5,266.6764367,17
1/31/2023,27.6,234.1359524,17
12/31/2022,24.5,224.762406,16
11/30/2022,23.8,222.3104544,16
10/31/2022,26.6,220.57243,15
9/30/2022,23.2,230.4658621,15
8/31/2022,27.3,220.886305,15
7/31/2022,24.9,219.437089,15
6/30/2022,21.3,204.367422,13.75
5/31/2022,13.8,195.500402,13.75
4/30/2022,13.37790337,184.481334,12.25
3/31/2022,12.7,179.617273,9.75
2/28/2022,12.24404221,175.482276,9.75
1/31/2022,12.96243597,176.310845,9.75
12/31/2021,12.28169814,177.176357,9.75
11/30/2021,11.5,173.025502,8.75
10/31/2021,9.2,171.694793,7.25
9/30/2021,8.979178716,168.05674,7.25
8/31/2021,8.353519783,164.099741,7
7/31/2021,8.405968385,159.601571,7
6/30/2021,9.655669291,156.163793,7
5/31/2021,10.86176628,153.29278,7
4/30/2021,11.1,153.076852,7
3/31/2021,9.1,156.029765,7
2/28/2021,8.7,159.131343,7
1/31/2021,5.7,160.153552,7
12/31/2020,7.98,160.079514,7
11/30/2020,8.35,159.21225,7
10/31/2020,8.91,162.799992,7
9/30/2020,9.03,165.854091,7
8/31/2020,8.21,167.706397,7
7/31/2020,9.3,166.762519,7
6/30/2020,8.59,165.103864,7
5/31/2020,8.23,160.076694,8
4/30/2020,8.52,164.437274,9
3/31/2020,10.24,158.44718,11
2/29/2020,12.4,154.263358,13.25
1/31/2020,14.56,154.656144,13.25
12/31/2019,12.63,154.920011,13.25
11/30/2019,12.67,155.367457,13.25
10/31/2019,11.04,155.949085,13.25
9/30/2019,11.38,156.176407,13.25
8/31/2019,10.49,158.077024,13.25
7/31/2019,8.38,158.829694,13.25
6/30/2019,8.04,155.249095,12.25
5/31/2019,8.42,145.69225,12.25
4/30/2019,8.27,141.164561,10.75
3/31/2019,8.64,139.166346,10.25
2/28/2019,6.75,138.530726,10.25
1/31/2019,5.55,138.695078,10
12/31/2018,5.37,138.471259,10
11/30/2018,5.66,133.504122,8.5
10/31/2018,6.5,130.383058,8.5
9/30/2018,5.42,124.081628,7.5
8/31/2018,6.17,123.789583,7.5
7/31/2018,6.66,124.353414,7.5
6/30/2018,5.67,118.905517,6.5
5/31/2018,4.98,115.44688,6.5
4/30/2018,3.96,115.421634,6
3/31/2018,3.59,112.068851,6
2/28/2018,4.46,110.434192,6
1/31/2018,5.24,110.403041,6
12/31/2017,5.61,108.697368,5.75
11/30/2017,5.03,105.362649,5.75
10/31/2017,4.83,105.33906,5.75
9/30/2017,4.66,105.32069,5.75
8/31/2017,4.39,105.307931,5.75
7/31/2017,3.86,105.424984,5.75
6/30/2017,6.54,104.770211,5.75
5/31/2017,6.36,104.738087,5.75
4/30/2017,6.91,104.7474,5.75
3/31/2017,6.14,104.741682,5.75
2/28/2017,5.04,104.720417,5.75
1/31/2017,4.53,104.730126,5.75
12/31/2016,4.08,104.72481,5.75
11/30/2016,4.69,104.693531,5.75
10/31/2016,4.19,104.598489,5.75
9/30/2016,3.23,104.539576,5.75
8/31/2016,2.8,104.622119,5.75
,,,
